Model,mAP_box,mAP_mask,time_avg,time_min,time_max,time_std
yolo11n_seg_prune_0_15_openvino_2022.1_8shave.blob,0.2399992819546052,0.15628474091471103,251.3446012000066,246.807997000019,423.33932700000787,17.33992245030094
yolo11n_seg_prune_0_1_openvino_2022.1_8shave.blob,0.2520886443740886,0.17820414751454608,258.20409638999877,254.0966499999513,441.37866699998085,18.4750277964675
yolo11n_seg_prune_0_5_openvino_2022.1_8shave.blob,0.15922162194786957,0.10264658603962512,229.88990406000198,225.63915099999576,404.4797709999557,17.627584602596166
yolo11n_seg_prune_0_2_openvino_2022.1_8shave.blob,0.20416925920031184,0.13897452179724099,247.2999028699951,243.80768499986516,404.0099139999711,15.839516169656774
yolo11n-seg_fp16_openvino_2022.1_8shave.blob,0.5053651311445119,0.3598799926413436,262.92435208999,259.06422299999576,454.2165150000983,19.286430649543515
yolo11n_seg_prune_0_75_openvino_2022.1_8shave.blob,0.07352000503541258,0.04825782722768038,210.64042084000903,207.0950229999653,370.15444799999386,16.08611266362335
yolo11n_seg_prune_0_25_openvino_2022.1_8shave.blob,0.23317103842425377,0.15376517895992106,242.47173511999333,237.9769619999479,417.4890460001279,17.652227531683643
yolo11n_seg_prune_0_05_openvino_2022.1_8shave.blob,0.254268913802035,0.18514100969602226,263.25162252000155,258.84023799994793,445.61393599997245,18.408421152781195
